{
  "best_json": "runs_bow/BEST_BOW.json",
  "config_name": "bow_lemma_count_layers3_seed13",
  "data_col": "lemma",
  "bow_variant": "count",
  "n_layers": 3,
  "epochs": 4,
  "repeat_seeds": [
    1,
    2,
    3
  ],
  "dev_each": [
    {
      "mse": 0.008221851661801338,
      "mae": 0.06925901025533676,
      "rmse": 0.09067442672441518,
      "pearson": 0.5192388296127319,
      "spearman": 0.4805625764095091
    },
    {
      "mse": 0.008208095096051693,
      "mae": 0.06923963874578476,
      "rmse": 0.09059853804588512,
      "pearson": 0.5124843716621399,
      "spearman": 0.4789103017585555
    },
    {
      "mse": 0.007976294495165348,
      "mae": 0.06814757734537125,
      "rmse": 0.08931010298485467,
      "pearson": 0.5224004983901978,
      "spearman": 0.4788404395616031
    }
  ],
  "dev_mean_std": {
    "mse": {
      "mean": 0.008135413751006126,
      "std": 0.00013797287399992212
    },
    "mae": {
      "mean": 0.06888207544883092,
      "std": 0.0006361677544759532
    },
    "rmse": {
      "mean": 0.09019435591838498,
      "std": 0.0007667249902833427
    },
    "pearson": {
      "mean": 0.5180412332216898,
      "std": 0.00506537956708119
    },
    "spearman": {
      "mean": 0.4794377725765559,
      "std": 0.0009747347991173981
    }
  }
}