{
  "best_json": "runs_emb/BEST_wikitext103_w2v_300d.json",
  "config_name": "emb_wikitext103_w2v_300d.bin_mean_oovskip_ft0_L2_seed13",
  "embeddings": "embeddings\\wikitext103_w2v_300d.bin",
  "epochs": 14,
  "repeat_seeds": [
    1,
    2,
    3
  ],
  "dev_each": [
    {
      "mse": 0.00728420726954937,
      "mae": 0.06340845674276352,
      "rmse": 0.08534756744951416,
      "pearson": 0.5560972690582275,
      "spearman": 0.5388057548376949
    },
    {
      "mse": 0.007609387394040823,
      "mae": 0.06503935903310776,
      "rmse": 0.08723180265270701,
      "pearson": 0.5539979934692383,
      "spearman": 0.5426424977651497
    },
    {
      "mse": 0.007731023710221052,
      "mae": 0.06631258130073547,
      "rmse": 0.08792624016879746,
      "pearson": 0.5550731420516968,
      "spearman": 0.5403042638486598
    }
  ],
  "dev_mean_std": {
    "mse": {
      "mean": 0.007541539457937081,
      "std": 0.00023100593009440425
    },
    "mae": {
      "mean": 0.06492013235886891,
      "std": 0.001455728721960754
    },
    "rmse": {
      "mean": 0.08683520342367289,
      "std": 0.0013342999886258103
    },
    "pearson": {
      "mean": 0.5550561348597208,
      "std": 0.001049741126690637
    },
    "spearman": {
      "mean": 0.5405841721505015,
      "std": 0.0019336262735915627
    }
  }
}